container_id,container_no,yard_area_id,shipping_line_id,container_size,container_type,full_empty,gate_in_ts,gate_out_ts,hist
0,CONT0000000,1,1,20,20DC,F,2025-01-01 00:00:00,2025-01-04 00:00:00,Y
1,CONT0000001,2,2,40,40DC,E,2025-01-02 00:00:00,,N
2,CONT0000002,3,3,45,40HC,F,2025-01-03 00:00:00,,N
3,CONT0000003,4,4,20,20RF,E,2025-01-04 00:00:00,,N
4,CONT0000004,5,5,40,40RF,F,2025-01-05 00:00:00,2025-01-08 00:00:00,Y
5,CONT0000005,6,6,45,20DC,E,2025-01-06 00:00:00,,N
6,CONT0000006,7,7,20,40DC,F,2025-01-07 00:00:00,,N
7,CONT0000007,8,8,40,40HC,E,2025-01-08 00:00:00,,N
8,CONT0000008,1,9,45,20RF,F,2025-01-09 00:00:00,2025-01-12 00:00:00,Y
9,CONT0000009,2,10,20,40RF,E,2025-01-10 00:00:00,,N
10,CONT0000010,3,1,40,20DC,F,2025-01-11 00:00:00,,N
11,CONT0000011,4,2,45,40DC,E,2025-01-12 00:00:00,,N
12,CONT0000012,5,3,20,40HC,F,2025-01-13 00:00:00,2025-01-16 00:00:00,Y
13,CONT0000013,6,4,40,20RF,E,2025-01-14 00:00:00,,N
14,CONT0000014,7,5,45,40RF,F,2025-01-15 00:00:00,,N
15,CONT0000015,8,6,20,20DC,E,2025-01-16 00:00:00,,N
16,CONT0000016,1,7,40,40DC,F,2025-01-17 00:00:00,2025-01-20 00:00:00,Y
17,CONT0000017,2,8,45,40HC,E,2025-01-18 00:00:00,,N
18,CONT0000018,3,9,20,20RF,F,2025-01-19 00:00:00,,N
19,CONT0000019,4,10,40,40RF,E,2025-01-20 00:00:00,,N
20,CONT0000020,5,1,45,20DC,F,2025-01-21 00:00:00,2025-01-24 00:00:00,Y
21,CONT0000021,6,2,20,40DC,E,2025-01-22 00:00:00,,N
22,CONT0000022,7,3,40,40HC,F,2025-01-23 00:00:00,,N
23,CONT0000023,8,4,45,20RF,E,2025-01-24 00:00:00,,N
24,CONT0000024,1,5,20,40RF,F,2025-01-25 00:00:00,2025-01-28 00:00:00,Y
25,CONT0000025,2,6,40,20DC,E,2025-01-26 00:00:00,,N
26,CONT0000026,3,7,45,40DC,F,2025-01-27 00:00:00,,N
27,CONT0000027,4,8,20,40HC,E,2025-01-28 00:00:00,,N
28,CONT0000028,5,9,40,20RF,F,2025-01-29 00:00:00,2025-02-01 00:00:00,Y
29,CONT0000029,6,10,45,40RF,E,2025-01-30 00:00:00,,N
30,CONT0000030,7,1,20,20DC,F,2025-01-31 00:00:00,,N
31,CONT0000031,8,2,40,40DC,E,2025-02-01 00:00:00,,N
32,CONT0000032,1,3,45,40HC,F,2025-02-02 00:00:00,2025-02-05 00:00:00,Y
33,CONT0000033,2,4,20,20RF,E,2025-02-03 00:00:00,,N
34,CONT0000034,3,5,40,40RF,F,2025-02-04 00:00:00,,N
35,CONT0000035,4,6,45,20DC,E,2025-02-05 00:00:00,,N
36,CONT0000036,5,7,20,40DC,F,2025-02-06 00:00:00,2025-02-09 00:00:00,Y
37,CONT0000037,6,8,40,40HC,E,2025-02-07 00:00:00,,N
38,CONT0000038,7,9,45,20RF,F,2025-02-08 00:00:00,,N
39,CONT0000039,8,10,20,40RF,E,2025-02-09 00:00:00,,N
40,CONT0000040,1,1,40,20DC,F,2025-02-10 00:00:00,2025-02-13 00:00:00,Y
41,CONT0000041,2,2,45,40DC,E,2025-02-11 00:00:00,,N
42,CONT0000042,3,3,20,40HC,F,2025-02-12 00:00:00,,N
43,CONT0000043,4,4,40,20RF,E,2025-02-13 00:00:00,,N
44,CONT0000044,5,5,45,40RF,F,2025-02-14 00:00:00,2025-02-17 00:00:00,Y
45,CONT0000045,6,6,20,20DC,E,2025-02-15 00:00:00,,N
46,CONT0000046,7,7,40,40DC,F,2025-02-16 00:00:00,,N
47,CONT0000047,8,8,45,40HC,E,2025-02-17 00:00:00,,N
48,CONT0000048,1,9,20,20RF,F,2025-02-18 00:00:00,2025-02-21 00:00:00,Y
49,CONT0000049,2,10,40,40RF,E,2025-02-19 00:00:00,,N
50,CONT0000050,3,1,45,20DC,F,2025-02-20 00:00:00,,N
51,CONT0000051,4,2,20,40DC,E,2025-02-21 00:00:00,,N
52,CONT0000052,5,3,40,40HC,F,2025-02-22 00:00:00,2025-02-25 00:00:00,Y
53,CONT0000053,6,4,45,20RF,E,2025-02-23 00:00:00,,N
54,CONT0000054,7,5,20,40RF,F,2025-02-24 00:00:00,,N
55,CONT0000055,8,6,40,20DC,E,2025-02-25 00:00:00,,N
56,CONT0000056,1,7,45,40DC,F,2025-02-26 00:00:00,2025-03-01 00:00:00,Y
57,CONT0000057,2,8,20,40HC,E,2025-02-27 00:00:00,,N
58,CONT0000058,3,9,40,20RF,F,2025-02-28 00:00:00,,N
59,CONT0000059,4,10,45,40RF,E,2025-03-01 00:00:00,,N
60,CONT0000060,5,1,20,20DC,F,2025-03-02 00:00:00,2025-03-05 00:00:00,Y
61,CONT0000061,6,2,40,40DC,E,2025-03-03 00:00:00,,N
62,CONT0000062,7,3,45,40HC,F,2025-03-04 00:00:00,,N
63,CONT0000063,8,4,20,20RF,E,2025-03-05 00:00:00,,N
64,CONT0000064,1,5,40,40RF,F,2025-03-06 00:00:00,2025-03-09 00:00:00,Y
65,CONT0000065,2,6,45,20DC,E,2025-03-07 00:00:00,,N
66,CONT0000066,3,7,20,40DC,F,2025-03-08 00:00:00,,N
67,CONT0000067,4,8,40,40HC,E,2025-03-09 00:00:00,,N
68,CONT0000068,5,9,45,20RF,F,2025-03-10 00:00:00,2025-03-13 00:00:00,Y
69,CONT0000069,6,10,20,40RF,E,2025-03-11 00:00:00,,N
70,CONT0000070,7,1,40,20DC,F,2025-03-12 00:00:00,,N
71,CONT0000071,8,2,45,40DC,E,2025-03-13 00:00:00,,N
72,CONT0000072,1,3,20,40HC,F,2025-03-14 00:00:00,2025-03-17 00:00:00,Y
73,CONT0000073,2,4,40,20RF,E,2025-03-15 00:00:00,,N
74,CONT0000074,3,5,45,40RF,F,2025-03-16 00:00:00,,N
75,CONT0000075,4,6,20,20DC,E,2025-03-17 00:00:00,,N
76,CONT0000076,5,7,40,40DC,F,2025-03-18 00:00:00,2025-03-21 00:00:00,Y
77,CONT0000077,6,8,45,40HC,E,2025-03-19 00:00:00,,N
78,CONT0000078,7,9,20,20RF,F,2025-03-20 00:00:00,,N
79,CONT0000079,8,10,40,40RF,E,2025-03-21 00:00:00,,N
80,CONT0000080,1,1,45,20DC,F,2025-03-22 00:00:00,2025-03-25 00:00:00,Y
81,CONT0000081,2,2,20,40DC,E,2025-03-23 00:00:00,,N
82,CONT0000082,3,3,40,40HC,F,2025-03-24 00:00:00,,N
83,CONT0000083,4,4,45,20RF,E,2025-03-25 00:00:00,,N
84,CONT0000084,5,5,20,40RF,F,2025-03-26 00:00:00,2025-03-29 00:00:00,Y
85,CONT0000085,6,6,40,20DC,E,2025-03-27 00:00:00,,N
86,CONT0000086,7,7,45,40DC,F,2025-03-28 00:00:00,,N
87,CONT0000087,8,8,20,40HC,E,2025-03-29 00:00:00,,N
88,CONT0000088,1,9,40,20RF,F,2025-03-30 00:00:00,2025-04-02 00:00:00,Y
89,CONT0000089,2,10,45,40RF,E,2025-03-31 00:00:00,,N
90,CONT0000090,3,1,20,20DC,F,2025-04-01 00:00:00,,N
91,CONT0000091,4,2,40,40DC,E,2025-04-02 00:00:00,,N
92,CONT0000092,5,3,45,40HC,F,2025-04-03 00:00:00,2025-04-06 00:00:00,Y
93,CONT0000093,6,4,20,20RF,E,2025-04-04 00:00:00,,N
94,CONT0000094,7,5,40,40RF,F,2025-04-05 00:00:00,,N
95,CONT0000095,8,6,45,20DC,E,2025-04-06 00:00:00,,N
96,CONT0000096,1,7,20,40DC,F,2025-04-07 00:00:00,2025-04-10 00:00:00,Y
97,CONT0000097,2,8,40,40HC,E,2025-04-08 00:00:00,,N
98,CONT0000098,3,9,45,20RF,F,2025-04-09 00:00:00,,N
99,CONT0000099,4,10,20,40RF,E,2025-04-10 00:00:00,,N
100,CONT0000100,5,1,40,20DC,F,2025-04-11 00:00:00,2025-04-14 00:00:00,Y
101,CONT0000101,6,2,45,40DC,E,2025-04-12 00:00:00,,N
102,CONT0000102,7,3,20,40HC,F,2025-04-13 00:00:00,,N
103,CONT0000103,8,4,40,20RF,E,2025-04-14 00:00:00,,N
104,CONT0000104,1,5,45,40RF,F,2025-04-15 00:00:00,2025-04-18 00:00:00,Y
105,CONT0000105,2,6,20,20DC,E,2025-04-16 00:00:00,,N
106,CONT0000106,3,7,40,40DC,F,2025-04-17 00:00:00,,N
107,CONT0000107,4,8,45,40HC,E,2025-04-18 00:00:00,,N
108,CONT0000108,5,9,20,20RF,F,2025-04-19 00:00:00,2025-04-22 00:00:00,Y
109,CONT0000109,6,10,40,40RF,E,2025-04-20 00:00:00,,N
110,CONT0000110,7,1,45,20DC,F,2025-04-21 00:00:00,,N
111,CONT0000111,8,2,20,40DC,E,2025-04-22 00:00:00,,N
112,CONT0000112,1,3,40,40HC,F,2025-04-23 00:00:00,2025-04-26 00:00:00,Y
113,CONT0000113,2,4,45,20RF,E,2025-04-24 00:00:00,,N
114,CONT0000114,3,5,20,40RF,F,2025-04-25 00:00:00,,N
115,CONT0000115,4,6,40,20DC,E,2025-04-26 00:00:00,,N
116,CONT0000116,5,7,45,40DC,F,2025-04-27 00:00:00,2025-04-30 00:00:00,Y
117,CONT0000117,6,8,20,40HC,E,2025-04-28 00:00:00,,N
118,CONT0000118,7,9,40,20RF,F,2025-04-29 00:00:00,,N
119,CONT0000119,8,10,45,40RF,E,2025-04-30 00:00:00,,N
120,CONT0000120,1,1,20,20DC,F,2025-05-01 00:00:00,2025-05-04 00:00:00,Y
121,CONT0000121,2,2,40,40DC,E,2025-05-02 00:00:00,,N
122,CONT0000122,3,3,45,40HC,F,2025-05-03 00:00:00,,N
123,CONT0000123,4,4,20,20RF,E,2025-05-04 00:00:00,,N
124,CONT0000124,5,5,40,40RF,F,2025-05-05 00:00:00,2025-05-08 00:00:00,Y
125,CONT0000125,6,6,45,20DC,E,2025-05-06 00:00:00,,N
126,CONT0000126,7,7,20,40DC,F,2025-05-07 00:00:00,,N
127,CONT0000127,8,8,40,40HC,E,2025-05-08 00:00:00,,N
128,CONT0000128,1,9,45,20RF,F,2025-05-09 00:00:00,2025-05-12 00:00:00,Y
129,CONT0000129,2,10,20,40RF,E,2025-05-10 00:00:00,,N
130,CONT0000130,3,1,40,20DC,F,2025-05-11 00:00:00,,N
131,CONT0000131,4,2,45,40DC,E,2025-05-12 00:00:00,,N
132,CONT0000132,5,3,20,40HC,F,2025-05-13 00:00:00,2025-05-16 00:00:00,Y
133,CONT0000133,6,4,40,20RF,E,2025-05-14 00:00:00,,N
134,CONT0000134,7,5,45,40RF,F,2025-05-15 00:00:00,,N
135,CONT0000135,8,6,20,20DC,E,2025-05-16 00:00:00,,N
136,CONT0000136,1,7,40,40DC,F,2025-05-17 00:00:00,2025-05-20 00:00:00,Y
137,CONT0000137,2,8,45,40HC,E,2025-05-18 00:00:00,,N
138,CONT0000138,3,9,20,20RF,F,2025-05-19 00:00:00,,N
139,CONT0000139,4,10,40,40RF,E,2025-05-20 00:00:00,,N
140,CONT0000140,5,1,45,20DC,F,2025-05-21 00:00:00,2025-05-24 00:00:00,Y
141,CONT0000141,6,2,20,40DC,E,2025-05-22 00:00:00,,N
142,CONT0000142,7,3,40,40HC,F,2025-05-23 00:00:00,,N
143,CONT0000143,8,4,45,20RF,E,2025-05-24 00:00:00,,N
144,CONT0000144,1,5,20,40RF,F,2025-05-25 00:00:00,2025-05-28 00:00:00,Y
145,CONT0000145,2,6,40,20DC,E,2025-05-26 00:00:00,,N
146,CONT0000146,3,7,45,40DC,F,2025-05-27 00:00:00,,N
147,CONT0000147,4,8,20,40HC,E,2025-05-28 00:00:00,,N
148,CONT0000148,5,9,40,20RF,F,2025-05-29 00:00:00,2025-06-01 00:00:00,Y
149,CONT0000149,6,10,45,40RF,E,2025-05-30 00:00:00,,N
150,CONT0000150,7,1,20,20DC,F,2025-05-31 00:00:00,,N
151,CONT0000151,8,2,40,40DC,E,2025-06-01 00:00:00,,N
152,CONT0000152,1,3,45,40HC,F,2025-06-02 00:00:00,2025-06-05 00:00:00,Y
153,CONT0000153,2,4,20,20RF,E,2025-06-03 00:00:00,,N
154,CONT0000154,3,5,40,40RF,F,2025-06-04 00:00:00,,N
155,CONT0000155,4,6,45,20DC,E,2025-06-05 00:00:00,,N
156,CONT0000156,5,7,20,40DC,F,2025-06-06 00:00:00,2025-06-09 00:00:00,Y
157,CONT0000157,6,8,40,40HC,E,2025-06-07 00:00:00,,N
158,CONT0000158,7,9,45,20RF,F,2025-06-08 00:00:00,,N
159,CONT0000159,8,10,20,40RF,E,2025-06-09 00:00:00,,N
160,CONT0000160,1,1,40,20DC,F,2025-06-10 00:00:00,2025-06-13 00:00:00,Y
161,CONT0000161,2,2,45,40DC,E,2025-06-11 00:00:00,,N
162,CONT0000162,3,3,20,40HC,F,2025-06-12 00:00:00,,N
163,CONT0000163,4,4,40,20RF,E,2025-06-13 00:00:00,,N
164,CONT0000164,5,5,45,40RF,F,2025-06-14 00:00:00,2025-06-17 00:00:00,Y
165,CONT0000165,6,6,20,20DC,E,2025-06-15 00:00:00,,N
166,CONT0000166,7,7,40,40DC,F,2025-06-16 00:00:00,,N
167,CONT0000167,8,8,45,40HC,E,2025-06-17 00:00:00,,N
168,CONT0000168,1,9,20,20RF,F,2025-06-18 00:00:00,2025-06-21 00:00:00,Y
169,CONT0000169,2,10,40,40RF,E,2025-06-19 00:00:00,,N
170,CONT0000170,3,1,45,20DC,F,2025-06-20 00:00:00,,N
171,CONT0000171,4,2,20,40DC,E,2025-06-21 00:00:00,,N
172,CONT0000172,5,3,40,40HC,F,2025-06-22 00:00:00,2025-06-25 00:00:00,Y
173,CONT0000173,6,4,45,20RF,E,2025-06-23 00:00:00,,N
174,CONT0000174,7,5,20,40RF,F,2025-06-24 00:00:00,,N
175,CONT0000175,8,6,40,20DC,E,2025-06-25 00:00:00,,N
176,CONT0000176,1,7,45,40DC,F,2025-06-26 00:00:00,2025-06-29 00:00:00,Y
177,CONT0000177,2,8,20,40HC,E,2025-06-27 00:00:00,,N
178,CONT0000178,3,9,40,20RF,F,2025-06-28 00:00:00,,N
179,CONT0000179,4,10,45,40RF,E,2025-06-29 00:00:00,,N
180,CONT0000180,5,1,20,20DC,F,2025-06-30 00:00:00,2025-07-03 00:00:00,Y
181,CONT0000181,6,2,40,40DC,E,2025-07-01 00:00:00,,N
182,CONT0000182,7,3,45,40HC,F,2025-07-02 00:00:00,,N
183,CONT0000183,8,4,20,20RF,E,2025-07-03 00:00:00,,N
184,CONT0000184,1,5,40,40RF,F,2025-07-04 00:00:00,2025-07-07 00:00:00,Y
185,CONT0000185,2,6,45,20DC,E,2025-07-05 00:00:00,,N
186,CONT0000186,3,7,20,40DC,F,2025-07-06 00:00:00,,N
187,CONT0000187,4,8,40,40HC,E,2025-07-07 00:00:00,,N
188,CONT0000188,5,9,45,20RF,F,2025-07-08 00:00:00,2025-07-11 00:00:00,Y
189,CONT0000189,6,10,20,40RF,E,2025-07-09 00:00:00,,N
190,CONT0000190,7,1,40,20DC,F,2025-07-10 00:00:00,,N
191,CONT0000191,8,2,45,40DC,E,2025-07-11 00:00:00,,N
192,CONT0000192,1,3,20,40HC,F,2025-07-12 00:00:00,2025-07-15 00:00:00,Y
193,CONT0000193,2,4,40,20RF,E,2025-07-13 00:00:00,,N
194,CONT0000194,3,5,45,40RF,F,2025-07-14 00:00:00,,N
195,CONT0000195,4,6,20,20DC,E,2025-07-15 00:00:00,,N
196,CONT0000196,5,7,40,40DC,F,2025-07-16 00:00:00,2025-07-19 00:00:00,Y
197,CONT0000197,6,8,45,40HC,E,2025-07-17 00:00:00,,N
198,CONT0000198,7,9,20,20RF,F,2025-07-18 00:00:00,,N
199,CONT0000199,8,10,40,40RF,E,2025-07-19 00:00:00,,N
200,CONT0000200,1,1,45,20DC,F,2025-07-20 00:00:00,2025-07-23 00:00:00,Y
201,CONT0000201,2,2,20,40DC,E,2025-07-21 00:00:00,,N
202,CONT0000202,3,3,40,40HC,F,2025-07-22 00:00:00,,N
203,CONT0000203,4,4,45,20RF,E,2025-07-23 00:00:00,,N
204,CONT0000204,5,5,20,40RF,F,2025-07-24 00:00:00,2025-07-27 00:00:00,Y
205,CONT0000205,6,6,40,20DC,E,2025-07-25 00:00:00,,N
206,CONT0000206,7,7,45,40DC,F,2025-07-26 00:00:00,,N
207,CONT0000207,8,8,20,40HC,E,2025-07-27 00:00:00,,N
208,CONT0000208,1,9,40,20RF,F,2025-07-28 00:00:00,2025-07-31 00:00:00,Y
209,CONT0000209,2,10,45,40RF,E,2025-07-29 00:00:00,,N
210,CONT0000210,3,1,20,20DC,F,2025-07-30 00:00:00,,N
211,CONT0000211,4,2,40,40DC,E,2025-07-31 00:00:00,,N
212,CONT0000212,5,3,45,40HC,F,2025-08-01 00:00:00,2025-08-04 00:00:00,Y
213,CONT0000213,6,4,20,20RF,E,2025-08-02 00:00:00,,N
214,CONT0000214,7,5,40,40RF,F,2025-08-03 00:00:00,,N
215,CONT0000215,8,6,45,20DC,E,2025-08-04 00:00:00,,N
216,CONT0000216,1,7,20,40DC,F,2025-08-05 00:00:00,2025-08-08 00:00:00,Y
217,CONT0000217,2,8,40,40HC,E,2025-08-06 00:00:00,,N
218,CONT0000218,3,9,45,20RF,F,2025-08-07 00:00:00,,N
219,CONT0000219,4,10,20,40RF,E,2025-08-08 00:00:00,,N
220,CONT0000220,5,1,40,20DC,F,2025-08-09 00:00:00,2025-08-12 00:00:00,Y
221,CONT0000221,6,2,45,40DC,E,2025-08-10 00:00:00,,N
222,CONT0000222,7,3,20,40HC,F,2025-08-11 00:00:00,,N
223,CONT0000223,8,4,40,20RF,E,2025-08-12 00:00:00,,N
224,CONT0000224,1,5,45,40RF,F,2025-08-13 00:00:00,2025-08-16 00:00:00,Y
225,CONT0000225,2,6,20,20DC,E,2025-08-14 00:00:00,,N
226,CONT0000226,3,7,40,40DC,F,2025-08-15 00:00:00,,N
227,CONT0000227,4,8,45,40HC,E,2025-08-16 00:00:00,,N
228,CONT0000228,5,9,20,20RF,F,2025-08-17 00:00:00,2025-08-20 00:00:00,Y
229,CONT0000229,6,10,40,40RF,E,2025-08-18 00:00:00,,N
230,CONT0000230,7,1,45,20DC,F,2025-08-19 00:00:00,,N
231,CONT0000231,8,2,20,40DC,E,2025-08-20 00:00:00,,N
232,CONT0000232,1,3,40,40HC,F,2025-08-21 00:00:00,2025-08-24 00:00:00,Y
233,CONT0000233,2,4,45,20RF,E,2025-08-22 00:00:00,,N
234,CONT0000234,3,5,20,40RF,F,2025-08-23 00:00:00,,N
235,CONT0000235,4,6,40,20DC,E,2025-08-24 00:00:00,,N
236,CONT0000236,5,7,45,40DC,F,2025-08-25 00:00:00,2025-08-28 00:00:00,Y
237,CONT0000237,6,8,20,40HC,E,2025-08-26 00:00:00,,N
238,CONT0000238,7,9,40,20RF,F,2025-08-27 00:00:00,,N
239,CONT0000239,8,10,45,40RF,E,2025-08-28 00:00:00,,N
240,CONT0000240,1,1,20,20DC,F,2025-08-29 00:00:00,2025-09-01 00:00:00,Y
241,CONT0000241,2,2,40,40DC,E,2025-08-30 00:00:00,,N
242,CONT0000242,3,3,45,40HC,F,2025-08-31 00:00:00,,N
243,CONT0000243,4,4,20,20RF,E,2025-09-01 00:00:00,,N
244,CONT0000244,5,5,40,40RF,F,2025-09-02 00:00:00,2025-09-05 00:00:00,Y
245,CONT0000245,6,6,45,20DC,E,2025-09-03 00:00:00,,N
246,CONT0000246,7,7,20,40DC,F,2025-09-04 00:00:00,,N
247,CONT0000247,8,8,40,40HC,E,2025-09-05 00:00:00,,N
248,CONT0000248,1,9,45,20RF,F,2025-09-06 00:00:00,2025-09-09 00:00:00,Y
249,CONT0000249,2,10,20,40RF,E,2025-09-07 00:00:00,,N
250,CONT0000250,3,1,40,20DC,F,2025-09-08 00:00:00,,N
251,CONT0000251,4,2,45,40DC,E,2025-09-09 00:00:00,,N
252,CONT0000252,5,3,20,40HC,F,2025-09-10 00:00:00,2025-09-13 00:00:00,Y
253,CONT0000253,6,4,40,20RF,E,2025-09-11 00:00:00,,N
254,CONT0000254,7,5,45,40RF,F,2025-09-12 00:00:00,,N
255,CONT0000255,8,6,20,20DC,E,2025-09-13 00:00:00,,N
256,CONT0000256,1,7,40,40DC,F,2025-09-14 00:00:00,2025-09-17 00:00:00,Y
257,CONT0000257,2,8,45,40HC,E,2025-09-15 00:00:00,,N
258,CONT0000258,3,9,20,20RF,F,2025-09-16 00:00:00,,N
259,CONT0000259,4,10,40,40RF,E,2025-09-17 00:00:00,,N
260,CONT0000260,5,1,45,20DC,F,2025-09-18 00:00:00,2025-09-21 00:00:00,Y
261,CONT0000261,6,2,20,40DC,E,2025-09-19 00:00:00,,N
262,CONT0000262,7,3,40,40HC,F,2025-09-20 00:00:00,,N
263,CONT0000263,8,4,45,20RF,E,2025-09-21 00:00:00,,N
264,CONT0000264,1,5,20,40RF,F,2025-09-22 00:00:00,2025-09-25 00:00:00,Y
265,CONT0000265,2,6,40,20DC,E,2025-09-23 00:00:00,,N
266,CONT0000266,3,7,45,40DC,F,2025-09-24 00:00:00,,N
267,CONT0000267,4,8,20,40HC,E,2025-09-25 00:00:00,,N
268,CONT0000268,5,9,40,20RF,F,2025-09-26 00:00:00,2025-09-29 00:00:00,Y
269,CONT0000269,6,10,45,40RF,E,2025-09-27 00:00:00,,N
270,CONT0000270,7,1,20,20DC,F,2025-09-28 00:00:00,,N
271,CONT0000271,8,2,40,40DC,E,2025-09-29 00:00:00,,N
272,CONT0000272,1,3,45,40HC,F,2025-09-30 00:00:00,2025-10-03 00:00:00,Y
273,CONT0000273,2,4,20,20RF,E,2025-10-01 00:00:00,,N
274,CONT0000274,3,5,40,40RF,F,2025-10-02 00:00:00,,N
275,CONT0000275,4,6,45,20DC,E,2025-10-03 00:00:00,,N
276,CONT0000276,5,7,20,40DC,F,2025-10-04 00:00:00,2025-10-07 00:00:00,Y
277,CONT0000277,6,8,40,40HC,E,2025-10-05 00:00:00,,N
278,CONT0000278,7,9,45,20RF,F,2025-10-06 00:00:00,,N
279,CONT0000279,8,10,20,40RF,E,2025-10-07 00:00:00,,N
280,CONT0000280,1,1,40,20DC,F,2025-10-08 00:00:00,2025-10-11 00:00:00,Y
281,CONT0000281,2,2,45,40DC,E,2025-10-09 00:00:00,,N
282,CONT0000282,3,3,20,40HC,F,2025-10-10 00:00:00,,N
283,CONT0000283,4,4,40,20RF,E,2025-10-11 00:00:00,,N
284,CONT0000284,5,5,45,40RF,F,2025-10-12 00:00:00,2025-10-15 00:00:00,Y
285,CONT0000285,6,6,20,20DC,E,2025-10-13 00:00:00,,N
286,CONT0000286,7,7,40,40DC,F,2025-10-14 00:00:00,,N
287,CONT0000287,8,8,45,40HC,E,2025-10-15 00:00:00,,N
288,CONT0000288,1,9,20,20RF,F,2025-10-16 00:00:00,2025-10-19 00:00:00,Y
289,CONT0000289,2,10,40,40RF,E,2025-10-17 00:00:00,,N
290,CONT0000290,3,1,45,20DC,F,2025-10-18 00:00:00,,N
291,CONT0000291,4,2,20,40DC,E,2025-10-19 00:00:00,,N
292,CONT0000292,5,3,40,40HC,F,2025-10-20 00:00:00,2025-10-23 00:00:00,Y
293,CONT0000293,6,4,45,20RF,E,2025-10-21 00:00:00,,N
294,CONT0000294,7,5,20,40RF,F,2025-10-22 00:00:00,,N
295,CONT0000295,8,6,40,20DC,E,2025-10-23 00:00:00,,N
296,CONT0000296,1,7,45,40DC,F,2025-10-24 00:00:00,2025-10-27 00:00:00,Y
297,CONT0000297,2,8,20,40HC,E,2025-10-25 00:00:00,,N
298,CONT0000298,3,9,40,20RF,F,2025-10-26 00:00:00,,N
299,CONT0000299,4,10,45,40RF,E,2025-10-27 00:00:00,,N
300,CONT0000300,5,1,20,20DC,F,2025-10-28 00:00:00,2025-10-31 00:00:00,Y
301,CONT0000301,6,2,40,40DC,E,2025-10-29 00:00:00,,N
302,CONT0000302,7,3,45,40HC,F,2025-10-30 00:00:00,,N
303,CONT0000303,8,4,20,20RF,E,2025-10-31 00:00:00,,N
304,CONT0000304,1,5,40,40RF,F,2025-11-01 00:00:00,2025-11-04 00:00:00,Y
305,CONT0000305,2,6,45,20DC,E,2025-11-02 00:00:00,,N
306,CONT0000306,3,7,20,40DC,F,2025-11-03 00:00:00,,N
307,CONT0000307,4,8,40,40HC,E,2025-11-04 00:00:00,,N
308,CONT0000308,5,9,45,20RF,F,2025-11-05 00:00:00,2025-11-08 00:00:00,Y
309,CONT0000309,6,10,20,40RF,E,2025-11-06 00:00:00,,N
310,CONT0000310,7,1,40,20DC,F,2025-11-07 00:00:00,,N
311,CONT0000311,8,2,45,40DC,E,2025-11-08 00:00:00,,N
312,CONT0000312,1,3,20,40HC,F,2025-11-09 00:00:00,2025-11-12 00:00:00,Y
313,CONT0000313,2,4,40,20RF,E,2025-11-10 00:00:00,,N
314,CONT0000314,3,5,45,40RF,F,2025-11-11 00:00:00,,N
315,CONT0000315,4,6,20,20DC,E,2025-11-12 00:00:00,,N
316,CONT0000316,5,7,40,40DC,F,2025-11-13 00:00:00,2025-11-16 00:00:00,Y
317,CONT0000317,6,8,45,40HC,E,2025-11-14 00:00:00,,N
318,CONT0000318,7,9,20,20RF,F,2025-11-15 00:00:00,,N
319,CONT0000319,8,10,40,40RF,E,2025-11-16 00:00:00,,N
320,CONT0000320,1,1,45,20DC,F,2025-11-17 00:00:00,2025-11-20 00:00:00,Y
321,CONT0000321,2,2,20,40DC,E,2025-11-18 00:00:00,,N
322,CONT0000322,3,3,40,40HC,F,2025-11-19 00:00:00,,N
323,CONT0000323,4,4,45,20RF,E,2025-11-20 00:00:00,,N
324,CONT0000324,5,5,20,40RF,F,2025-11-21 00:00:00,2025-11-24 00:00:00,Y
325,CONT0000325,6,6,40,20DC,E,2025-11-22 00:00:00,,N
326,CONT0000326,7,7,45,40DC,F,2025-11-23 00:00:00,,N
327,CONT0000327,8,8,20,40HC,E,2025-11-24 00:00:00,,N
328,CONT0000328,1,9,40,20RF,F,2025-11-25 00:00:00,2025-11-28 00:00:00,Y
329,CONT0000329,2,10,45,40RF,E,2025-11-26 00:00:00,,N
330,CONT0000330,3,1,20,20DC,F,2025-11-27 00:00:00,,N
331,CONT0000331,4,2,40,40DC,E,2025-11-28 00:00:00,,N
332,CONT0000332,5,3,45,40HC,F,2025-11-29 00:00:00,2025-12-02 00:00:00,Y
333,CONT0000333,6,4,20,20RF,E,2025-11-30 00:00:00,,N
334,CONT0000334,7,5,40,40RF,F,2025-12-01 00:00:00,,N
335,CONT0000335,8,6,45,20DC,E,2025-12-02 00:00:00,,N
336,CONT0000336,1,7,20,40DC,F,2025-12-03 00:00:00,2025-12-06 00:00:00,Y
337,CONT0000337,2,8,40,40HC,E,2025-12-04 00:00:00,,N
338,CONT0000338,3,9,45,20RF,F,2025-12-05 00:00:00,,N
339,CONT0000339,4,10,20,40RF,E,2025-12-06 00:00:00,,N
340,CONT0000340,5,1,40,20DC,F,2025-12-07 00:00:00,2025-12-10 00:00:00,Y
341,CONT0000341,6,2,45,40DC,E,2025-12-08 00:00:00,,N
342,CONT0000342,7,3,20,40HC,F,2025-12-09 00:00:00,,N
343,CONT0000343,8,4,40,20RF,E,2025-12-10 00:00:00,,N
344,CONT0000344,1,5,45,40RF,F,2025-12-11 00:00:00,2025-12-14 00:00:00,Y
345,CONT0000345,2,6,20,20DC,E,2025-12-12 00:00:00,,N
346,CONT0000346,3,7,40,40DC,F,2025-12-13 00:00:00,,N
347,CONT0000347,4,8,45,40HC,E,2025-12-14 00:00:00,,N
348,CONT0000348,5,9,20,20RF,F,2025-12-15 00:00:00,2025-12-18 00:00:00,Y
349,CONT0000349,6,10,40,40RF,E,2025-12-16 00:00:00,,N
350,CONT0000350,7,1,45,20DC,F,2025-12-17 00:00:00,,N
351,CONT0000351,8,2,20,40DC,E,2025-12-18 00:00:00,,N
352,CONT0000352,1,3,40,40HC,F,2025-12-19 00:00:00,2025-12-22 00:00:00,Y
353,CONT0000353,2,4,45,20RF,E,2025-12-20 00:00:00,,N
354,CONT0000354,3,5,20,40RF,F,2025-12-21 00:00:00,,N
355,CONT0000355,4,6,40,20DC,E,2025-12-22 00:00:00,,N
356,CONT0000356,5,7,45,40DC,F,2025-12-23 00:00:00,2025-12-26 00:00:00,Y
357,CONT0000357,6,8,20,40HC,E,2025-12-24 00:00:00,,N
358,CONT0000358,7,9,40,20RF,F,2025-12-25 00:00:00,,N
359,CONT0000359,8,10,45,40RF,E,2025-12-26 00:00:00,,N
360,CONT0000360,1,1,20,20DC,F,2025-12-27 00:00:00,2025-12-30 00:00:00,Y
361,CONT0000361,2,2,40,40DC,E,2025-12-28 00:00:00,,N
362,CONT0000362,3,3,45,40HC,F,2025-12-29 00:00:00,,N
363,CONT0000363,4,4,20,20RF,E,2025-12-30 00:00:00,,N
364,CONT0000364,5,5,40,40RF,F,2025-12-31 00:00:00,2026-01-03 00:00:00,Y
365,CONT0000365,6,6,45,20DC,E,2025-01-01 00:00:00,,N
366,CONT0000366,7,7,20,40DC,F,2025-01-02 00:00:00,,N
367,CONT0000367,8,8,40,40HC,E,2025-01-03 00:00:00,,N
368,CONT0000368,1,9,45,20RF,F,2025-01-04 00:00:00,2025-01-07 00:00:00,Y
369,CONT0000369,2,10,20,40RF,E,2025-01-05 00:00:00,,N
370,CONT0000370,3,1,40,20DC,F,2025-01-06 00:00:00,,N
371,CONT0000371,4,2,45,40DC,E,2025-01-07 00:00:00,,N
372,CONT0000372,5,3,20,40HC,F,2025-01-08 00:00:00,2025-01-11 00:00:00,Y
373,CONT0000373,6,4,40,20RF,E,2025-01-09 00:00:00,,N
374,CONT0000374,7,5,45,40RF,F,2025-01-10 00:00:00,,N
375,CONT0000375,8,6,20,20DC,E,2025-01-11 00:00:00,,N
376,CONT0000376,1,7,40,40DC,F,2025-01-12 00:00:00,2025-01-15 00:00:00,Y
377,CONT0000377,2,8,45,40HC,E,2025-01-13 00:00:00,,N
378,CONT0000378,3,9,20,20RF,F,2025-01-14 00:00:00,,N
379,CONT0000379,4,10,40,40RF,E,2025-01-15 00:00:00,,N
380,CONT0000380,5,1,45,20DC,F,2025-01-16 00:00:00,2025-01-19 00:00:00,Y
381,CONT0000381,6,2,20,40DC,E,2025-01-17 00:00:00,,N
382,CONT0000382,7,3,40,40HC,F,2025-01-18 00:00:00,,N
383,CONT0000383,8,4,45,20RF,E,2025-01-19 00:00:00,,N
384,CONT0000384,1,5,20,40RF,F,2025-01-20 00:00:00,2025-01-23 00:00:00,Y
385,CONT0000385,2,6,40,20DC,E,2025-01-21 00:00:00,,N
386,CONT0000386,3,7,45,40DC,F,2025-01-22 00:00:00,,N
387,CONT0000387,4,8,20,40HC,E,2025-01-23 00:00:00,,N
388,CONT0000388,5,9,40,20RF,F,2025-01-24 00:00:00,2025-01-27 00:00:00,Y
389,CONT0000389,6,10,45,40RF,E,2025-01-25 00:00:00,,N
390,CONT0000390,7,1,20,20DC,F,2025-01-26 00:00:00,,N
391,CONT0000391,8,2,40,40DC,E,2025-01-27 00:00:00,,N
392,CONT0000392,1,3,45,40HC,F,2025-01-28 00:00:00,2025-01-31 00:00:00,Y
393,CONT0000393,2,4,20,20RF,E,2025-01-29 00:00:00,,N
394,CONT0000394,3,5,40,40RF,F,2025-01-30 00:00:00,,N
395,CONT0000395,4,6,45,20DC,E,2025-01-31 00:00:00,,N
396,CONT0000396,5,7,20,40DC,F,2025-02-01 00:00:00,2025-02-04 00:00:00,Y
397,CONT0000397,6,8,40,40HC,E,2025-02-02 00:00:00,,N
398,CONT0000398,7,9,45,20RF,F,2025-02-03 00:00:00,,N
399,CONT0000399,8,10,20,40RF,E,2025-02-04 00:00:00,,N
400,CONT0000400,1,1,40,20DC,F,2025-02-05 00:00:00,2025-02-08 00:00:00,Y
401,CONT0000401,2,2,45,40DC,E,2025-02-06 00:00:00,,N
402,CONT0000402,3,3,20,40HC,F,2025-02-07 00:00:00,,N
403,CONT0000403,4,4,40,20RF,E,2025-02-08 00:00:00,,N
404,CONT0000404,5,5,45,40RF,F,2025-02-09 00:00:00,2025-02-12 00:00:00,Y
405,CONT0000405,6,6,20,20DC,E,2025-02-10 00:00:00,,N
406,CONT0000406,7,7,40,40DC,F,2025-02-11 00:00:00,,N
407,CONT0000407,8,8,45,40HC,E,2025-02-12 00:00:00,,N
408,CONT0000408,1,9,20,20RF,F,2025-02-13 00:00:00,2025-02-16 00:00:00,Y
409,CONT0000409,2,10,40,40RF,E,2025-02-14 00:00:00,,N
410,CONT0000410,3,1,45,20DC,F,2025-02-15 00:00:00,,N
411,CONT0000411,4,2,20,40DC,E,2025-02-16 00:00:00,,N
412,CONT0000412,5,3,40,40HC,F,2025-02-17 00:00:00,2025-02-20 00:00:00,Y
413,CONT0000413,6,4,45,20RF,E,2025-02-18 00:00:00,,N
414,CONT0000414,7,5,20,40RF,F,2025-02-19 00:00:00,,N
415,CONT0000415,8,6,40,20DC,E,2025-02-20 00:00:00,,N
416,CONT0000416,1,7,45,40DC,F,2025-02-21 00:00:00,2025-02-24 00:00:00,Y
417,CONT0000417,2,8,20,40HC,E,2025-02-22 00:00:00,,N
418,CONT0000418,3,9,40,20RF,F,2025-02-23 00:00:00,,N
419,CONT0000419,4,10,45,40RF,E,2025-02-24 00:00:00,,N
420,CONT0000420,5,1,20,20DC,F,2025-02-25 00:00:00,2025-02-28 00:00:00,Y
421,CONT0000421,6,2,40,40DC,E,2025-02-26 00:00:00,,N
422,CONT0000422,7,3,45,40HC,F,2025-02-27 00:00:00,,N
423,CONT0000423,8,4,20,20RF,E,2025-02-28 00:00:00,,N
424,CONT0000424,1,5,40,40RF,F,2025-03-01 00:00:00,2025-03-04 00:00:00,Y
425,CONT0000425,2,6,45,20DC,E,2025-03-02 00:00:00,,N
426,CONT0000426,3,7,20,40DC,F,2025-03-03 00:00:00,,N
427,CONT0000427,4,8,40,40HC,E,2025-03-04 00:00:00,,N
428,CONT0000428,5,9,45,20RF,F,2025-03-05 00:00:00,2025-03-08 00:00:00,Y
429,CONT0000429,6,10,20,40RF,E,2025-03-06 00:00:00,,N
430,CONT0000430,7,1,40,20DC,F,2025-03-07 00:00:00,,N
431,CONT0000431,8,2,45,40DC,E,2025-03-08 00:00:00,,N
432,CONT0000432,1,3,20,40HC,F,2025-03-09 00:00:00,2025-03-12 00:00:00,Y
433,CONT0000433,2,4,40,20RF,E,2025-03-10 00:00:00,,N
434,CONT0000434,3,5,45,40RF,F,2025-03-11 00:00:00,,N
435,CONT0000435,4,6,20,20DC,E,2025-03-12 00:00:00,,N
436,CONT0000436,5,7,40,40DC,F,2025-03-13 00:00:00,2025-03-16 00:00:00,Y
437,CONT0000437,6,8,45,40HC,E,2025-03-14 00:00:00,,N
438,CONT0000438,7,9,20,20RF,F,2025-03-15 00:00:00,,N
439,CONT0000439,8,10,40,40RF,E,2025-03-16 00:00:00,,N
440,CONT0000440,1,1,45,20DC,F,2025-03-17 00:00:00,2025-03-20 00:00:00,Y
441,CONT0000441,2,2,20,40DC,E,2025-03-18 00:00:00,,N
442,CONT0000442,3,3,40,40HC,F,2025-03-19 00:00:00,,N
443,CONT0000443,4,4,45,20RF,E,2025-03-20 00:00:00,,N
444,CONT0000444,5,5,20,40RF,F,2025-03-21 00:00:00,2025-03-24 00:00:00,Y
445,CONT0000445,6,6,40,20DC,E,2025-03-22 00:00:00,,N
446,CONT0000446,7,7,45,40DC,F,2025-03-23 00:00:00,,N
447,CONT0000447,8,8,20,40HC,E,2025-03-24 00:00:00,,N
448,CONT0000448,1,9,40,20RF,F,2025-03-25 00:00:00,2025-03-28 00:00:00,Y
449,CONT0000449,2,10,45,40RF,E,2025-03-26 00:00:00,,N
450,CONT0000450,3,1,20,20DC,F,2025-03-27 00:00:00,,N
451,CONT0000451,4,2,40,40DC,E,2025-03-28 00:00:00,,N
452,CONT0000452,5,3,45,40HC,F,2025-03-29 00:00:00,2025-04-01 00:00:00,Y
453,CONT0000453,6,4,20,20RF,E,2025-03-30 00:00:00,,N
454,CONT0000454,7,5,40,40RF,F,2025-03-31 00:00:00,,N
455,CONT0000455,8,6,45,20DC,E,2025-04-01 00:00:00,,N
456,CONT0000456,1,7,20,40DC,F,2025-04-02 00:00:00,2025-04-05 00:00:00,Y
457,CONT0000457,2,8,40,40HC,E,2025-04-03 00:00:00,,N
458,CONT0000458,3,9,45,20RF,F,2025-04-04 00:00:00,,N
459,CONT0000459,4,10,20,40RF,E,2025-04-05 00:00:00,,N
460,CONT0000460,5,1,40,20DC,F,2025-04-06 00:00:00,2025-04-09 00:00:00,Y
461,CONT0000461,6,2,45,40DC,E,2025-04-07 00:00:00,,N
462,CONT0000462,7,3,20,40HC,F,2025-04-08 00:00:00,,N
463,CONT0000463,8,4,40,20RF,E,2025-04-09 00:00:00,,N
464,CONT0000464,1,5,45,40RF,F,2025-04-10 00:00:00,2025-04-13 00:00:00,Y
465,CONT0000465,2,6,20,20DC,E,2025-04-11 00:00:00,,N
466,CONT0000466,3,7,40,40DC,F,2025-04-12 00:00:00,,N
467,CONT0000467,4,8,45,40HC,E,2025-04-13 00:00:00,,N
468,CONT0000468,5,9,20,20RF,F,2025-04-14 00:00:00,2025-04-17 00:00:00,Y
469,CONT0000469,6,10,40,40RF,E,2025-04-15 00:00:00,,N
470,CONT0000470,7,1,45,20DC,F,2025-04-16 00:00:00,,N
471,CONT0000471,8,2,20,40DC,E,2025-04-17 00:00:00,,N
472,CONT0000472,1,3,40,40HC,F,2025-04-18 00:00:00,2025-04-21 00:00:00,Y
473,CONT0000473,2,4,45,20RF,E,2025-04-19 00:00:00,,N
474,CONT0000474,3,5,20,40RF,F,2025-04-20 00:00:00,,N
475,CONT0000475,4,6,40,20DC,E,2025-04-21 00:00:00,,N
476,CONT0000476,5,7,45,40DC,F,2025-04-22 00:00:00,2025-04-25 00:00:00,Y
477,CONT0000477,6,8,20,40HC,E,2025-04-23 00:00:00,,N
478,CONT0000478,7,9,40,20RF,F,2025-04-24 00:00:00,,N
479,CONT0000479,8,10,45,40RF,E,2025-04-25 00:00:00,,N
480,CONT0000480,1,1,20,20DC,F,2025-04-26 00:00:00,2025-04-29 00:00:00,Y
481,CONT0000481,2,2,40,40DC,E,2025-04-27 00:00:00,,N
482,CONT0000482,3,3,45,40HC,F,2025-04-28 00:00:00,,N
483,CONT0000483,4,4,20,20RF,E,2025-04-29 00:00:00,,N
484,CONT0000484,5,5,40,40RF,F,2025-04-30 00:00:00,2025-05-03 00:00:00,Y
485,CONT0000485,6,6,45,20DC,E,2025-05-01 00:00:00,,N
486,CONT0000486,7,7,20,40DC,F,2025-05-02 00:00:00,,N
487,CONT0000487,8,8,40,40HC,E,2025-05-03 00:00:00,,N
488,CONT0000488,1,9,45,20RF,F,2025-05-04 00:00:00,2025-05-07 00:00:00,Y
489,CONT0000489,2,10,20,40RF,E,2025-05-05 00:00:00,,N
490,CONT0000490,3,1,40,20DC,F,2025-05-06 00:00:00,,N
491,CONT0000491,4,2,45,40DC,E,2025-05-07 00:00:00,,N
492,CONT0000492,5,3,20,40HC,F,2025-05-08 00:00:00,2025-05-11 00:00:00,Y
493,CONT0000493,6,4,40,20RF,E,2025-05-09 00:00:00,,N
494,CONT0000494,7,5,45,40RF,F,2025-05-10 00:00:00,,N
495,CONT0000495,8,6,20,20DC,E,2025-05-11 00:00:00,,N
496,CONT0000496,1,7,40,40DC,F,2025-05-12 00:00:00,2025-05-15 00:00:00,Y
497,CONT0000497,2,8,45,40HC,E,2025-05-13 00:00:00,,N
498,CONT0000498,3,9,20,20RF,F,2025-05-14 00:00:00,,N
499,CONT0000499,4,10,40,40RF,E,2025-05-15 00:00:00,,N
500,CONT0000500,5,1,45,20DC,F,2025-05-16 00:00:00,2025-05-19 00:00:00,Y
501,CONT0000501,6,2,20,40DC,E,2025-05-17 00:00:00,,N
502,CONT0000502,7,3,40,40HC,F,2025-05-18 00:00:00,,N
503,CONT0000503,8,4,45,20RF,E,2025-05-19 00:00:00,,N
504,CONT0000504,1,5,20,40RF,F,2025-05-20 00:00:00,2025-05-23 00:00:00,Y
505,CONT0000505,2,6,40,20DC,E,2025-05-21 00:00:00,,N
506,CONT0000506,3,7,45,40DC,F,2025-05-22 00:00:00,,N
507,CONT0000507,4,8,20,40HC,E,2025-05-23 00:00:00,,N
508,CONT0000508,5,9,40,20RF,F,2025-05-24 00:00:00,2025-05-27 00:00:00,Y
509,CONT0000509,6,10,45,40RF,E,2025-05-25 00:00:00,,N
510,CONT0000510,7,1,20,20DC,F,2025-05-26 00:00:00,,N
511,CONT0000511,8,2,40,40DC,E,2025-05-27 00:00:00,,N
512,CONT0000512,1,3,45,40HC,F,2025-05-28 00:00:00,2025-05-31 00:00:00,Y
513,CONT0000513,2,4,20,20RF,E,2025-05-29 00:00:00,,N
514,CONT0000514,3,5,40,40RF,F,2025-05-30 00:00:00,,N
515,CONT0000515,4,6,45,20DC,E,2025-05-31 00:00:00,,N
516,CONT0000516,5,7,20,40DC,F,2025-06-01 00:00:00,2025-06-04 00:00:00,Y
517,CONT0000517,6,8,40,40HC,E,2025-06-02 00:00:00,,N
518,CONT0000518,7,9,45,20RF,F,2025-06-03 00:00:00,,N
519,CONT0000519,8,10,20,40RF,E,2025-06-04 00:00:00,,N
520,CONT0000520,1,1,40,20DC,F,2025-06-05 00:00:00,2025-06-08 00:00:00,Y
521,CONT0000521,2,2,45,40DC,E,2025-06-06 00:00:00,,N
522,CONT0000522,3,3,20,40HC,F,2025-06-07 00:00:00,,N
523,CONT0000523,4,4,40,20RF,E,2025-06-08 00:00:00,,N
524,CONT0000524,5,5,45,40RF,F,2025-06-09 00:00:00,2025-06-12 00:00:00,Y
525,CONT0000525,6,6,20,20DC,E,2025-06-10 00:00:00,,N
526,CONT0000526,7,7,40,40DC,F,2025-06-11 00:00:00,,N
527,CONT0000527,8,8,45,40HC,E,2025-06-12 00:00:00,,N
528,CONT0000528,1,9,20,20RF,F,2025-06-13 00:00:00,2025-06-16 00:00:00,Y
529,CONT0000529,2,10,40,40RF,E,2025-06-14 00:00:00,,N
530,CONT0000530,3,1,45,20DC,F,2025-06-15 00:00:00,,N
531,CONT0000531,4,2,20,40DC,E,2025-06-16 00:00:00,,N
532,CONT0000532,5,3,40,40HC,F,2025-06-17 00:00:00,2025-06-20 00:00:00,Y
533,CONT0000533,6,4,45,20RF,E,2025-06-18 00:00:00,,N
534,CONT0000534,7,5,20,40RF,F,2025-06-19 00:00:00,,N
535,CONT0000535,8,6,40,20DC,E,2025-06-20 00:00:00,,N
536,CONT0000536,1,7,45,40DC,F,2025-06-21 00:00:00,2025-06-24 00:00:00,Y
537,CONT0000537,2,8,20,40HC,E,2025-06-22 00:00:00,,N
538,CONT0000538,3,9,40,20RF,F,2025-06-23 00:00:00,,N
539,CONT0000539,4,10,45,40RF,E,2025-06-24 00:00:00,,N
540,CONT0000540,5,1,20,20DC,F,2025-06-25 00:00:00,2025-06-28 00:00:00,Y
541,CONT0000541,6,2,40,40DC,E,2025-06-26 00:00:00,,N
542,CONT0000542,7,3,45,40HC,F,2025-06-27 00:00:00,,N
543,CONT0000543,8,4,20,20RF,E,2025-06-28 00:00:00,,N
544,CONT0000544,1,5,40,40RF,F,2025-06-29 00:00:00,2025-07-02 00:00:00,Y
545,CONT0000545,2,6,45,20DC,E,2025-06-30 00:00:00,,N
546,CONT0000546,3,7,20,40DC,F,2025-07-01 00:00:00,,N
547,CONT0000547,4,8,40,40HC,E,2025-07-02 00:00:00,,N
548,CONT0000548,5,9,45,20RF,F,2025-07-03 00:00:00,2025-07-06 00:00:00,Y
549,CONT0000549,6,10,20,40RF,E,2025-07-04 00:00:00,,N
550,CONT0000550,7,1,40,20DC,F,2025-07-05 00:00:00,,N
551,CONT0000551,8,2,45,40DC,E,2025-07-06 00:00:00,,N
552,CONT0000552,1,3,20,40HC,F,2025-07-07 00:00:00,2025-07-10 00:00:00,Y
553,CONT0000553,2,4,40,20RF,E,2025-07-08 00:00:00,,N
554,CONT0000554,3,5,45,40RF,F,2025-07-09 00:00:00,,N
555,CONT0000555,4,6,20,20DC,E,2025-07-10 00:00:00,,N
556,CONT0000556,5,7,40,40DC,F,2025-07-11 00:00:00,2025-07-14 00:00:00,Y
557,CONT0000557,6,8,45,40HC,E,2025-07-12 00:00:00,,N
558,CONT0000558,7,9,20,20RF,F,2025-07-13 00:00:00,,N
559,CONT0000559,8,10,40,40RF,E,2025-07-14 00:00:00,,N
560,CONT0000560,1,1,45,20DC,F,2025-07-15 00:00:00,2025-07-18 00:00:00,Y
561,CONT0000561,2,2,20,40DC,E,2025-07-16 00:00:00,,N
562,CONT0000562,3,3,40,40HC,F,2025-07-17 00:00:00,,N
563,CONT0000563,4,4,45,20RF,E,2025-07-18 00:00:00,,N
564,CONT0000564,5,5,20,40RF,F,2025-07-19 00:00:00,2025-07-22 00:00:00,Y
565,CONT0000565,6,6,40,20DC,E,2025-07-20 00:00:00,,N
566,CONT0000566,7,7,45,40DC,F,2025-07-21 00:00:00,,N
567,CONT0000567,8,8,20,40HC,E,2025-07-22 00:00:00,,N
568,CONT0000568,1,9,40,20RF,F,2025-07-23 00:00:00,2025-07-26 00:00:00,Y
569,CONT0000569,2,10,45,40RF,E,2025-07-24 00:00:00,,N
570,CONT0000570,3,1,20,20DC,F,2025-07-25 00:00:00,,N
571,CONT0000571,4,2,40,40DC,E,2025-07-26 00:00:00,,N
572,CONT0000572,5,3,45,40HC,F,2025-07-27 00:00:00,2025-07-30 00:00:00,Y
573,CONT0000573,6,4,20,20RF,E,2025-07-28 00:00:00,,N
574,CONT0000574,7,5,40,40RF,F,2025-07-29 00:00:00,,N
575,CONT0000575,8,6,45,20DC,E,2025-07-30 00:00:00,,N
576,CONT0000576,1,7,20,40DC,F,2025-07-31 00:00:00,2025-08-03 00:00:00,Y
577,CONT0000577,2,8,40,40HC,E,2025-08-01 00:00:00,,N
578,CONT0000578,3,9,45,20RF,F,2025-08-02 00:00:00,,N
579,CONT0000579,4,10,20,40RF,E,2025-08-03 00:00:00,,N
580,CONT0000580,5,1,40,20DC,F,2025-08-04 00:00:00,2025-08-07 00:00:00,Y
581,CONT0000581,6,2,45,40DC,E,2025-08-05 00:00:00,,N
582,CONT0000582,7,3,20,40HC,F,2025-08-06 00:00:00,,N
583,CONT0000583,8,4,40,20RF,E,2025-08-07 00:00:00,,N
584,CONT0000584,1,5,45,40RF,F,2025-08-08 00:00:00,2025-08-11 00:00:00,Y
585,CONT0000585,2,6,20,20DC,E,2025-08-09 00:00:00,,N
586,CONT0000586,3,7,40,40DC,F,2025-08-10 00:00:00,,N
587,CONT0000587,4,8,45,40HC,E,2025-08-11 00:00:00,,N
588,CONT0000588,5,9,20,20RF,F,2025-08-12 00:00:00,2025-08-15 00:00:00,Y
589,CONT0000589,6,10,40,40RF,E,2025-08-13 00:00:00,,N
590,CONT0000590,7,1,45,20DC,F,2025-08-14 00:00:00,,N
591,CONT0000591,8,2,20,40DC,E,2025-08-15 00:00:00,,N
592,CONT0000592,1,3,40,40HC,F,2025-08-16 00:00:00,2025-08-19 00:00:00,Y
593,CONT0000593,2,4,45,20RF,E,2025-08-17 00:00:00,,N
594,CONT0000594,3,5,20,40RF,F,2025-08-18 00:00:00,,N
595,CONT0000595,4,6,40,20DC,E,2025-08-19 00:00:00,,N
596,CONT0000596,5,7,45,40DC,F,2025-08-20 00:00:00,2025-08-23 00:00:00,Y
597,CONT0000597,6,8,20,40HC,E,2025-08-21 00:00:00,,N
598,CONT0000598,7,9,40,20RF,F,2025-08-22 00:00:00,,N
599,CONT0000599,8,10,45,40RF,E,2025-08-23 00:00:00,,N
600,CONT0000600,1,1,20,20DC,F,2025-08-24 00:00:00,2025-08-27 00:00:00,Y
601,CONT0000601,2,2,40,40DC,E,2025-08-25 00:00:00,,N
602,CONT0000602,3,3,45,40HC,F,2025-08-26 00:00:00,,N
603,CONT0000603,4,4,20,20RF,E,2025-08-27 00:00:00,,N
604,CONT0000604,5,5,40,40RF,F,2025-08-28 00:00:00,2025-08-31 00:00:00,Y
605,CONT0000605,6,6,45,20DC,E,2025-08-29 00:00:00,,N
606,CONT0000606,7,7,20,40DC,F,2025-08-30 00:00:00,,N
607,CONT0000607,8,8,40,40HC,E,2025-08-31 00:00:00,,N
608,CONT0000608,1,9,45,20RF,F,2025-09-01 00:00:00,2025-09-04 00:00:00,Y
609,CONT0000609,2,10,20,40RF,E,2025-09-02 00:00:00,,N
610,CONT0000610,3,1,40,20DC,F,2025-09-03 00:00:00,,N
611,CONT0000611,4,2,45,40DC,E,2025-09-04 00:00:00,,N
612,CONT0000612,5,3,20,40HC,F,2025-09-05 00:00:00,2025-09-08 00:00:00,Y
613,CONT0000613,6,4,40,20RF,E,2025-09-06 00:00:00,,N
614,CONT0000614,7,5,45,40RF,F,2025-09-07 00:00:00,,N
615,CONT0000615,8,6,20,20DC,E,2025-09-08 00:00:00,,N
616,CONT0000616,1,7,40,40DC,F,2025-09-09 00:00:00,2025-09-12 00:00:00,Y
617,CONT0000617,2,8,45,40HC,E,2025-09-10 00:00:00,,N
618,CONT0000618,3,9,20,20RF,F,2025-09-11 00:00:00,,N
619,CONT0000619,4,10,40,40RF,E,2025-09-12 00:00:00,,N
620,CONT0000620,5,1,45,20DC,F,2025-09-13 00:00:00,2025-09-16 00:00:00,Y
621,CONT0000621,6,2,20,40DC,E,2025-09-14 00:00:00,,N
622,CONT0000622,7,3,40,40HC,F,2025-09-15 00:00:00,,N
623,CONT0000623,8,4,45,20RF,E,2025-09-16 00:00:00,,N
624,CONT0000624,1,5,20,40RF,F,2025-09-17 00:00:00,2025-09-20 00:00:00,Y
625,CONT0000625,2,6,40,20DC,E,2025-09-18 00:00:00,,N
626,CONT0000626,3,7,45,40DC,F,2025-09-19 00:00:00,,N
627,CONT0000627,4,8,20,40HC,E,2025-09-20 00:00:00,,N
628,CONT0000628,5,9,40,20RF,F,2025-09-21 00:00:00,2025-09-24 00:00:00,Y
629,CONT0000629,6,10,45,40RF,E,2025-09-22 00:00:00,,N
630,CONT0000630,7,1,20,20DC,F,2025-09-23 00:00:00,,N
631,CONT0000631,8,2,40,40DC,E,2025-09-24 00:00:00,,N
632,CONT0000632,1,3,45,40HC,F,2025-09-25 00:00:00,2025-09-28 00:00:00,Y
633,CONT0000633,2,4,20,20RF,E,2025-09-26 00:00:00,,N
634,CONT0000634,3,5,40,40RF,F,2025-09-27 00:00:00,,N
635,CONT0000635,4,6,45,20DC,E,2025-09-28 00:00:00,,N
636,CONT0000636,5,7,20,40DC,F,2025-09-29 00:00:00,2025-10-02 00:00:00,Y
637,CONT0000637,6,8,40,40HC,E,2025-09-30 00:00:00,,N
638,CONT0000638,7,9,45,20RF,F,2025-10-01 00:00:00,,N
639,CONT0000639,8,10,20,40RF,E,2025-10-02 00:00:00,,N
640,CONT0000640,1,1,40,20DC,F,2025-10-03 00:00:00,2025-10-06 00:00:00,Y
641,CONT0000641,2,2,45,40DC,E,2025-10-04 00:00:00,,N
642,CONT0000642,3,3,20,40HC,F,2025-10-05 00:00:00,,N
643,CONT0000643,4,4,40,20RF,E,2025-10-06 00:00:00,,N
644,CONT0000644,5,5,45,40RF,F,2025-10-07 00:00:00,2025-10-10 00:00:00,Y
645,CONT0000645,6,6,20,20DC,E,2025-10-08 00:00:00,,N
646,CONT0000646,7,7,40,40DC,F,2025-10-09 00:00:00,,N
647,CONT0000647,8,8,45,40HC,E,2025-10-10 00:00:00,,N
648,CONT0000648,1,9,20,20RF,F,2025-10-11 00:00:00,2025-10-14 00:00:00,Y
649,CONT0000649,2,10,40,40RF,E,2025-10-12 00:00:00,,N
650,CONT0000650,3,1,45,20DC,F,2025-10-13 00:00:00,,N
651,CONT0000651,4,2,20,40DC,E,2025-10-14 00:00:00,,N
652,CONT0000652,5,3,40,40HC,F,2025-10-15 00:00:00,2025-10-18 00:00:00,Y
653,CONT0000653,6,4,45,20RF,E,2025-10-16 00:00:00,,N
654,CONT0000654,7,5,20,40RF,F,2025-10-17 00:00:00,,N
655,CONT0000655,8,6,40,20DC,E,2025-10-18 00:00:00,,N
656,CONT0000656,1,7,45,40DC,F,2025-10-19 00:00:00,2025-10-22 00:00:00,Y
657,CONT0000657,2,8,20,40HC,E,2025-10-20 00:00:00,,N
658,CONT0000658,3,9,40,20RF,F,2025-10-21 00:00:00,,N
659,CONT0000659,4,10,45,40RF,E,2025-10-22 00:00:00,,N
660,CONT0000660,5,1,20,20DC,F,2025-10-23 00:00:00,2025-10-26 00:00:00,Y
661,CONT0000661,6,2,40,40DC,E,2025-10-24 00:00:00,,N
662,CONT0000662,7,3,45,40HC,F,2025-10-25 00:00:00,,N
663,CONT0000663,8,4,20,20RF,E,2025-10-26 00:00:00,,N
664,CONT0000664,1,5,40,40RF,F,2025-10-27 00:00:00,2025-10-30 00:00:00,Y
665,CONT0000665,2,6,45,20DC,E,2025-10-28 00:00:00,,N
666,CONT0000666,3,7,20,40DC,F,2025-10-29 00:00:00,,N
667,CONT0000667,4,8,40,40HC,E,2025-10-30 00:00:00,,N
668,CONT0000668,5,9,45,20RF,F,2025-10-31 00:00:00,2025-11-03 00:00:00,Y
669,CONT0000669,6,10,20,40RF,E,2025-11-01 00:00:00,,N
670,CONT0000670,7,1,40,20DC,F,2025-11-02 00:00:00,,N
671,CONT0000671,8,2,45,40DC,E,2025-11-03 00:00:00,,N
672,CONT0000672,1,3,20,40HC,F,2025-11-04 00:00:00,2025-11-07 00:00:00,Y
673,CONT0000673,2,4,40,20RF,E,2025-11-05 00:00:00,,N
674,CONT0000674,3,5,45,40RF,F,2025-11-06 00:00:00,,N
675,CONT0000675,4,6,20,20DC,E,2025-11-07 00:00:00,,N
676,CONT0000676,5,7,40,40DC,F,2025-11-08 00:00:00,2025-11-11 00:00:00,Y
677,CONT0000677,6,8,45,40HC,E,2025-11-09 00:00:00,,N
678,CONT0000678,7,9,20,20RF,F,2025-11-10 00:00:00,,N
679,CONT0000679,8,10,40,40RF,E,2025-11-11 00:00:00,,N
680,CONT0000680,1,1,45,20DC,F,2025-11-12 00:00:00,2025-11-15 00:00:00,Y
681,CONT0000681,2,2,20,40DC,E,2025-11-13 00:00:00,,N
682,CONT0000682,3,3,40,40HC,F,2025-11-14 00:00:00,,N
683,CONT0000683,4,4,45,20RF,E,2025-11-15 00:00:00,,N
684,CONT0000684,5,5,20,40RF,F,2025-11-16 00:00:00,2025-11-19 00:00:00,Y
685,CONT0000685,6,6,40,20DC,E,2025-11-17 00:00:00,,N
686,CONT0000686,7,7,45,40DC,F,2025-11-18 00:00:00,,N
687,CONT0000687,8,8,20,40HC,E,2025-11-19 00:00:00,,N
688,CONT0000688,1,9,40,20RF,F,2025-11-20 00:00:00,2025-11-23 00:00:00,Y
689,CONT0000689,2,10,45,40RF,E,2025-11-21 00:00:00,,N
690,CONT0000690,3,1,20,20DC,F,2025-11-22 00:00:00,,N
691,CONT0000691,4,2,40,40DC,E,2025-11-23 00:00:00,,N
692,CONT0000692,5,3,45,40HC,F,2025-11-24 00:00:00,2025-11-27 00:00:00,Y
693,CONT0000693,6,4,20,20RF,E,2025-11-25 00:00:00,,N
694,CONT0000694,7,5,40,40RF,F,2025-11-26 00:00:00,,N
695,CONT0000695,8,6,45,20DC,E,2025-11-27 00:00:00,,N
696,CONT0000696,1,7,20,40DC,F,2025-11-28 00:00:00,2025-12-01 00:00:00,Y
697,CONT0000697,2,8,40,40HC,E,2025-11-29 00:00:00,,N
698,CONT0000698,3,9,45,20RF,F,2025-11-30 00:00:00,,N
699,CONT0000699,4,10,20,40RF,E,2025-12-01 00:00:00,,N
700,CONT0000700,5,1,40,20DC,F,2025-12-02 00:00:00,2025-12-05 00:00:00,Y
701,CONT0000701,6,2,45,40DC,E,2025-12-03 00:00:00,,N
702,CONT0000702,7,3,20,40HC,F,2025-12-04 00:00:00,,N
703,CONT0000703,8,4,40,20RF,E,2025-12-05 00:00:00,,N
704,CONT0000704,1,5,45,40RF,F,2025-12-06 00:00:00,2025-12-09 00:00:00,Y
705,CONT0000705,2,6,20,20DC,E,2025-12-07 00:00:00,,N
706,CONT0000706,3,7,40,40DC,F,2025-12-08 00:00:00,,N
707,CONT0000707,4,8,45,40HC,E,2025-12-09 00:00:00,,N
708,CONT0000708,5,9,20,20RF,F,2025-12-10 00:00:00,2025-12-13 00:00:00,Y
709,CONT0000709,6,10,40,40RF,E,2025-12-11 00:00:00,,N
710,CONT0000710,7,1,45,20DC,F,2025-12-12 00:00:00,,N
711,CONT0000711,8,2,20,40DC,E,2025-12-13 00:00:00,,N
712,CONT0000712,1,3,40,40HC,F,2025-12-14 00:00:00,2025-12-17 00:00:00,Y
713,CONT0000713,2,4,45,20RF,E,2025-12-15 00:00:00,,N
714,CONT0000714,3,5,20,40RF,F,2025-12-16 00:00:00,,N
715,CONT0000715,4,6,40,20DC,E,2025-12-17 00:00:00,,N
716,CONT0000716,5,7,45,40DC,F,2025-12-18 00:00:00,2025-12-21 00:00:00,Y
717,CONT0000717,6,8,20,40HC,E,2025-12-19 00:00:00,,N
718,CONT0000718,7,9,40,20RF,F,2025-12-20 00:00:00,,N
719,CONT0000719,8,10,45,40RF,E,2025-12-21 00:00:00,,N
720,CONT0000720,1,1,20,20DC,F,2025-12-22 00:00:00,2025-12-25 00:00:00,Y
721,CONT0000721,2,2,40,40DC,E,2025-12-23 00:00:00,,N
722,CONT0000722,3,3,45,40HC,F,2025-12-24 00:00:00,,N
723,CONT0000723,4,4,20,20RF,E,2025-12-25 00:00:00,,N
724,CONT0000724,5,5,40,40RF,F,2025-12-26 00:00:00,2025-12-29 00:00:00,Y
725,CONT0000725,6,6,45,20DC,E,2025-12-27 00:00:00,,N
726,CONT0000726,7,7,20,40DC,F,2025-12-28 00:00:00,,N
727,CONT0000727,8,8,40,40HC,E,2025-12-29 00:00:00,,N
728,CONT0000728,1,9,45,20RF,F,2025-12-30 00:00:00,2026-01-02 00:00:00,Y
729,CONT0000729,2,10,20,40RF,E,2025-12-31 00:00:00,,N
730,CONT0000730,3,1,40,20DC,F,2025-01-01 00:00:00,,N
731,CONT0000731,4,2,45,40DC,E,2025-01-02 00:00:00,,N
732,CONT0000732,5,3,20,40HC,F,2025-01-03 00:00:00,2025-01-06 00:00:00,Y
733,CONT0000733,6,4,40,20RF,E,2025-01-04 00:00:00,,N
734,CONT0000734,7,5,45,40RF,F,2025-01-05 00:00:00,,N
735,CONT0000735,8,6,20,20DC,E,2025-01-06 00:00:00,,N
736,CONT0000736,1,7,40,40DC,F,2025-01-07 00:00:00,2025-01-10 00:00:00,Y
737,CONT0000737,2,8,45,40HC,E,2025-01-08 00:00:00,,N
738,CONT0000738,3,9,20,20RF,F,2025-01-09 00:00:00,,N
739,CONT0000739,4,10,40,40RF,E,2025-01-10 00:00:00,,N
740,CONT0000740,5,1,45,20DC,F,2025-01-11 00:00:00,2025-01-14 00:00:00,Y
741,CONT0000741,6,2,20,40DC,E,2025-01-12 00:00:00,,N
742,CONT0000742,7,3,40,40HC,F,2025-01-13 00:00:00,,N
743,CONT0000743,8,4,45,20RF,E,2025-01-14 00:00:00,,N
744,CONT0000744,1,5,20,40RF,F,2025-01-15 00:00:00,2025-01-18 00:00:00,Y
745,CONT0000745,2,6,40,20DC,E,2025-01-16 00:00:00,,N
746,CONT0000746,3,7,45,40DC,F,2025-01-17 00:00:00,,N
747,CONT0000747,4,8,20,40HC,E,2025-01-18 00:00:00,,N
748,CONT0000748,5,9,40,20RF,F,2025-01-19 00:00:00,2025-01-22 00:00:00,Y
749,CONT0000749,6,10,45,40RF,E,2025-01-20 00:00:00,,N
750,CONT0000750,7,1,20,20DC,F,2025-01-21 00:00:00,,N
751,CONT0000751,8,2,40,40DC,E,2025-01-22 00:00:00,,N
752,CONT0000752,1,3,45,40HC,F,2025-01-23 00:00:00,2025-01-26 00:00:00,Y
753,CONT0000753,2,4,20,20RF,E,2025-01-24 00:00:00,,N
754,CONT0000754,3,5,40,40RF,F,2025-01-25 00:00:00,,N
755,CONT0000755,4,6,45,20DC,E,2025-01-26 00:00:00,,N
756,CONT0000756,5,7,20,40DC,F,2025-01-27 00:00:00,2025-01-30 00:00:00,Y
757,CONT0000757,6,8,40,40HC,E,2025-01-28 00:00:00,,N
758,CONT0000758,7,9,45,20RF,F,2025-01-29 00:00:00,,N
759,CONT0000759,8,10,20,40RF,E,2025-01-30 00:00:00,,N
760,CONT0000760,1,1,40,20DC,F,2025-01-31 00:00:00,2025-02-03 00:00:00,Y
761,CONT0000761,2,2,45,40DC,E,2025-02-01 00:00:00,,N
762,CONT0000762,3,3,20,40HC,F,2025-02-02 00:00:00,,N
763,CONT0000763,4,4,40,20RF,E,2025-02-03 00:00:00,,N
764,CONT0000764,5,5,45,40RF,F,2025-02-04 00:00:00,2025-02-07 00:00:00,Y
765,CONT0000765,6,6,20,20DC,E,2025-02-05 00:00:00,,N
766,CONT0000766,7,7,40,40DC,F,2025-02-06 00:00:00,,N
767,CONT0000767,8,8,45,40HC,E,2025-02-07 00:00:00,,N
768,CONT0000768,1,9,20,20RF,F,2025-02-08 00:00:00,2025-02-11 00:00:00,Y
769,CONT0000769,2,10,40,40RF,E,2025-02-09 00:00:00,,N
770,CONT0000770,3,1,45,20DC,F,2025-02-10 00:00:00,,N
771,CONT0000771,4,2,20,40DC,E,2025-02-11 00:00:00,,N
772,CONT0000772,5,3,40,40HC,F,2025-02-12 00:00:00,2025-02-15 00:00:00,Y
773,CONT0000773,6,4,45,20RF,E,2025-02-13 00:00:00,,N
774,CONT0000774,7,5,20,40RF,F,2025-02-14 00:00:00,,N
775,CONT0000775,8,6,40,20DC,E,2025-02-15 00:00:00,,N
776,CONT0000776,1,7,45,40DC,F,2025-02-16 00:00:00,2025-02-19 00:00:00,Y
777,CONT0000777,2,8,20,40HC,E,2025-02-17 00:00:00,,N
778,CONT0000778,3,9,40,20RF,F,2025-02-18 00:00:00,,N
779,CONT0000779,4,10,45,40RF,E,2025-02-19 00:00:00,,N
780,CONT0000780,5,1,20,20DC,F,2025-02-20 00:00:00,2025-02-23 00:00:00,Y
781,CONT0000781,6,2,40,40DC,E,2025-02-21 00:00:00,,N
782,CONT0000782,7,3,45,40HC,F,2025-02-22 00:00:00,,N
783,CONT0000783,8,4,20,20RF,E,2025-02-23 00:00:00,,N
784,CONT0000784,1,5,40,40RF,F,2025-02-24 00:00:00,2025-02-27 00:00:00,Y
785,CONT0000785,2,6,45,20DC,E,2025-02-25 00:00:00,,N
786,CONT0000786,3,7,20,40DC,F,2025-02-26 00:00:00,,N
787,CONT0000787,4,8,40,40HC,E,2025-02-27 00:00:00,,N
788,CONT0000788,5,9,45,20RF,F,2025-02-28 00:00:00,2025-03-03 00:00:00,Y
789,CONT0000789,6,10,20,40RF,E,2025-03-01 00:00:00,,N
790,CONT0000790,7,1,40,20DC,F,2025-03-02 00:00:00,,N
791,CONT0000791,8,2,45,40DC,E,2025-03-03 00:00:00,,N
792,CONT0000792,1,3,20,40HC,F,2025-03-04 00:00:00,2025-03-07 00:00:00,Y
793,CONT0000793,2,4,40,20RF,E,2025-03-05 00:00:00,,N
794,CONT0000794,3,5,45,40RF,F,2025-03-06 00:00:00,,N
795,CONT0000795,4,6,20,20DC,E,2025-03-07 00:00:00,,N
796,CONT0000796,5,7,40,40DC,F,2025-03-08 00:00:00,2025-03-11 00:00:00,Y
797,CONT0000797,6,8,45,40HC,E,2025-03-09 00:00:00,,N
798,CONT0000798,7,9,20,20RF,F,2025-03-10 00:00:00,,N
799,CONT0000799,8,10,40,40RF,E,2025-03-11 00:00:00,,N
800,CONT0000800,1,1,45,20DC,F,2025-03-12 00:00:00,2025-03-15 00:00:00,Y
801,CONT0000801,2,2,20,40DC,E,2025-03-13 00:00:00,,N
802,CONT0000802,3,3,40,40HC,F,2025-03-14 00:00:00,,N
803,CONT0000803,4,4,45,20RF,E,2025-03-15 00:00:00,,N
804,CONT0000804,5,5,20,40RF,F,2025-03-16 00:00:00,2025-03-19 00:00:00,Y
805,CONT0000805,6,6,40,20DC,E,2025-03-17 00:00:00,,N
806,CONT0000806,7,7,45,40DC,F,2025-03-18 00:00:00,,N
807,CONT0000807,8,8,20,40HC,E,2025-03-19 00:00:00,,N
808,CONT0000808,1,9,40,20RF,F,2025-03-20 00:00:00,2025-03-23 00:00:00,Y
809,CONT0000809,2,10,45,40RF,E,2025-03-21 00:00:00,,N
810,CONT0000810,3,1,20,20DC,F,2025-03-22 00:00:00,,N
811,CONT0000811,4,2,40,40DC,E,2025-03-23 00:00:00,,N
812,CONT0000812,5,3,45,40HC,F,2025-03-24 00:00:00,2025-03-27 00:00:00,Y
813,CONT0000813,6,4,20,20RF,E,2025-03-25 00:00:00,,N
814,CONT0000814,7,5,40,40RF,F,2025-03-26 00:00:00,,N
815,CONT0000815,8,6,45,20DC,E,2025-03-27 00:00:00,,N
816,CONT0000816,1,7,20,40DC,F,2025-03-28 00:00:00,2025-03-31 00:00:00,Y
817,CONT0000817,2,8,40,40HC,E,2025-03-29 00:00:00,,N
818,CONT0000818,3,9,45,20RF,F,2025-03-30 00:00:00,,N
819,CONT0000819,4,10,20,40RF,E,2025-03-31 00:00:00,,N
820,CONT0000820,5,1,40,20DC,F,2025-04-01 00:00:00,2025-04-04 00:00:00,Y
821,CONT0000821,6,2,45,40DC,E,2025-04-02 00:00:00,,N
822,CONT0000822,7,3,20,40HC,F,2025-04-03 00:00:00,,N
823,CONT0000823,8,4,40,20RF,E,2025-04-04 00:00:00,,N
824,CONT0000824,1,5,45,40RF,F,2025-04-05 00:00:00,2025-04-08 00:00:00,Y
825,CONT0000825,2,6,20,20DC,E,2025-04-06 00:00:00,,N
826,CONT0000826,3,7,40,40DC,F,2025-04-07 00:00:00,,N
827,CONT0000827,4,8,45,40HC,E,2025-04-08 00:00:00,,N
828,CONT0000828,5,9,20,20RF,F,2025-04-09 00:00:00,2025-04-12 00:00:00,Y
829,CONT0000829,6,10,40,40RF,E,2025-04-10 00:00:00,,N
830,CONT0000830,7,1,45,20DC,F,2025-04-11 00:00:00,,N
831,CONT0000831,8,2,20,40DC,E,2025-04-12 00:00:00,,N
832,CONT0000832,1,3,40,40HC,F,2025-04-13 00:00:00,2025-04-16 00:00:00,Y
833,CONT0000833,2,4,45,20RF,E,2025-04-14 00:00:00,,N
834,CONT0000834,3,5,20,40RF,F,2025-04-15 00:00:00,,N
835,CONT0000835,4,6,40,20DC,E,2025-04-16 00:00:00,,N
836,CONT0000836,5,7,45,40DC,F,2025-04-17 00:00:00,2025-04-20 00:00:00,Y
837,CONT0000837,6,8,20,40HC,E,2025-04-18 00:00:00,,N
838,CONT0000838,7,9,40,20RF,F,2025-04-19 00:00:00,,N
839,CONT0000839,8,10,45,40RF,E,2025-04-20 00:00:00,,N
840,CONT0000840,1,1,20,20DC,F,2025-04-21 00:00:00,2025-04-24 00:00:00,Y
841,CONT0000841,2,2,40,40DC,E,2025-04-22 00:00:00,,N
842,CONT0000842,3,3,45,40HC,F,2025-04-23 00:00:00,,N
843,CONT0000843,4,4,20,20RF,E,2025-04-24 00:00:00,,N
844,CONT0000844,5,5,40,40RF,F,2025-04-25 00:00:00,2025-04-28 00:00:00,Y
845,CONT0000845,6,6,45,20DC,E,2025-04-26 00:00:00,,N
846,CONT0000846,7,7,20,40DC,F,2025-04-27 00:00:00,,N
847,CONT0000847,8,8,40,40HC,E,2025-04-28 00:00:00,,N
848,CONT0000848,1,9,45,20RF,F,2025-04-29 00:00:00,2025-05-02 00:00:00,Y
849,CONT0000849,2,10,20,40RF,E,2025-04-30 00:00:00,,N
850,CONT0000850,3,1,40,20DC,F,2025-05-01 00:00:00,,N
851,CONT0000851,4,2,45,40DC,E,2025-05-02 00:00:00,,N
852,CONT0000852,5,3,20,40HC,F,2025-05-03 00:00:00,2025-05-06 00:00:00,Y
853,CONT0000853,6,4,40,20RF,E,2025-05-04 00:00:00,,N
854,CONT0000854,7,5,45,40RF,F,2025-05-05 00:00:00,,N
855,CONT0000855,8,6,20,20DC,E,2025-05-06 00:00:00,,N
856,CONT0000856,1,7,40,40DC,F,2025-05-07 00:00:00,2025-05-10 00:00:00,Y
857,CONT0000857,2,8,45,40HC,E,2025-05-08 00:00:00,,N
858,CONT0000858,3,9,20,20RF,F,2025-05-09 00:00:00,,N
859,CONT0000859,4,10,40,40RF,E,2025-05-10 00:00:00,,N
860,CONT0000860,5,1,45,20DC,F,2025-05-11 00:00:00,2025-05-14 00:00:00,Y
861,CONT0000861,6,2,20,40DC,E,2025-05-12 00:00:00,,N
862,CONT0000862,7,3,40,40HC,F,2025-05-13 00:00:00,,N
863,CONT0000863,8,4,45,20RF,E,2025-05-14 00:00:00,,N
864,CONT0000864,1,5,20,40RF,F,2025-05-15 00:00:00,2025-05-18 00:00:00,Y
865,CONT0000865,2,6,40,20DC,E,2025-05-16 00:00:00,,N
866,CONT0000866,3,7,45,40DC,F,2025-05-17 00:00:00,,N
867,CONT0000867,4,8,20,40HC,E,2025-05-18 00:00:00,,N
868,CONT0000868,5,9,40,20RF,F,2025-05-19 00:00:00,2025-05-22 00:00:00,Y
869,CONT0000869,6,10,45,40RF,E,2025-05-20 00:00:00,,N
870,CONT0000870,7,1,20,20DC,F,2025-05-21 00:00:00,,N
871,CONT0000871,8,2,40,40DC,E,2025-05-22 00:00:00,,N
872,CONT0000872,1,3,45,40HC,F,2025-05-23 00:00:00,2025-05-26 00:00:00,Y
873,CONT0000873,2,4,20,20RF,E,2025-05-24 00:00:00,,N
874,CONT0000874,3,5,40,40RF,F,2025-05-25 00:00:00,,N
875,CONT0000875,4,6,45,20DC,E,2025-05-26 00:00:00,,N
876,CONT0000876,5,7,20,40DC,F,2025-05-27 00:00:00,2025-05-30 00:00:00,Y
877,CONT0000877,6,8,40,40HC,E,2025-05-28 00:00:00,,N
878,CONT0000878,7,9,45,20RF,F,2025-05-29 00:00:00,,N
879,CONT0000879,8,10,20,40RF,E,2025-05-30 00:00:00,,N
880,CONT0000880,1,1,40,20DC,F,2025-05-31 00:00:00,2025-06-03 00:00:00,Y
881,CONT0000881,2,2,45,40DC,E,2025-06-01 00:00:00,,N
882,CONT0000882,3,3,20,40HC,F,2025-06-02 00:00:00,,N
883,CONT0000883,4,4,40,20RF,E,2025-06-03 00:00:00,,N
884,CONT0000884,5,5,45,40RF,F,2025-06-04 00:00:00,2025-06-07 00:00:00,Y
885,CONT0000885,6,6,20,20DC,E,2025-06-05 00:00:00,,N
886,CONT0000886,7,7,40,40DC,F,2025-06-06 00:00:00,,N
887,CONT0000887,8,8,45,40HC,E,2025-06-07 00:00:00,,N
888,CONT0000888,1,9,20,20RF,F,2025-06-08 00:00:00,2025-06-11 00:00:00,Y
889,CONT0000889,2,10,40,40RF,E,2025-06-09 00:00:00,,N
890,CONT0000890,3,1,45,20DC,F,2025-06-10 00:00:00,,N
891,CONT0000891,4,2,20,40DC,E,2025-06-11 00:00:00,,N
892,CONT0000892,5,3,40,40HC,F,2025-06-12 00:00:00,2025-06-15 00:00:00,Y
893,CONT0000893,6,4,45,20RF,E,2025-06-13 00:00:00,,N
894,CONT0000894,7,5,20,40RF,F,2025-06-14 00:00:00,,N
895,CONT0000895,8,6,40,20DC,E,2025-06-15 00:00:00,,N
896,CONT0000896,1,7,45,40DC,F,2025-06-16 00:00:00,2025-06-19 00:00:00,Y
897,CONT0000897,2,8,20,40HC,E,2025-06-17 00:00:00,,N
898,CONT0000898,3,9,40,20RF,F,2025-06-18 00:00:00,,N
899,CONT0000899,4,10,45,40RF,E,2025-06-19 00:00:00,,N
900,CONT0000900,5,1,20,20DC,F,2025-06-20 00:00:00,2025-06-23 00:00:00,Y
901,CONT0000901,6,2,40,40DC,E,2025-06-21 00:00:00,,N
902,CONT0000902,7,3,45,40HC,F,2025-06-22 00:00:00,,N
903,CONT0000903,8,4,20,20RF,E,2025-06-23 00:00:00,,N
904,CONT0000904,1,5,40,40RF,F,2025-06-24 00:00:00,2025-06-27 00:00:00,Y
905,CONT0000905,2,6,45,20DC,E,2025-06-25 00:00:00,,N
906,CONT0000906,3,7,20,40DC,F,2025-06-26 00:00:00,,N
907,CONT0000907,4,8,40,40HC,E,2025-06-27 00:00:00,,N
908,CONT0000908,5,9,45,20RF,F,2025-06-28 00:00:00,2025-07-01 00:00:00,Y
909,CONT0000909,6,10,20,40RF,E,2025-06-29 00:00:00,,N
910,CONT0000910,7,1,40,20DC,F,2025-06-30 00:00:00,,N
911,CONT0000911,8,2,45,40DC,E,2025-07-01 00:00:00,,N
912,CONT0000912,1,3,20,40HC,F,2025-07-02 00:00:00,2025-07-05 00:00:00,Y
913,CONT0000913,2,4,40,20RF,E,2025-07-03 00:00:00,,N
914,CONT0000914,3,5,45,40RF,F,2025-07-04 00:00:00,,N
915,CONT0000915,4,6,20,20DC,E,2025-07-05 00:00:00,,N
916,CONT0000916,5,7,40,40DC,F,2025-07-06 00:00:00,2025-07-09 00:00:00,Y
917,CONT0000917,6,8,45,40HC,E,2025-07-07 00:00:00,,N
918,CONT0000918,7,9,20,20RF,F,2025-07-08 00:00:00,,N
919,CONT0000919,8,10,40,40RF,E,2025-07-09 00:00:00,,N
920,CONT0000920,1,1,45,20DC,F,2025-07-10 00:00:00,2025-07-13 00:00:00,Y
921,CONT0000921,2,2,20,40DC,E,2025-07-11 00:00:00,,N
922,CONT0000922,3,3,40,40HC,F,2025-07-12 00:00:00,,N
923,CONT0000923,4,4,45,20RF,E,2025-07-13 00:00:00,,N
924,CONT0000924,5,5,20,40RF,F,2025-07-14 00:00:00,2025-07-17 00:00:00,Y
925,CONT0000925,6,6,40,20DC,E,2025-07-15 00:00:00,,N
926,CONT0000926,7,7,45,40DC,F,2025-07-16 00:00:00,,N
927,CONT0000927,8,8,20,40HC,E,2025-07-17 00:00:00,,N
928,CONT0000928,1,9,40,20RF,F,2025-07-18 00:00:00,2025-07-21 00:00:00,Y
929,CONT0000929,2,10,45,40RF,E,2025-07-19 00:00:00,,N
930,CONT0000930,3,1,20,20DC,F,2025-07-20 00:00:00,,N
931,CONT0000931,4,2,40,40DC,E,2025-07-21 00:00:00,,N
932,CONT0000932,5,3,45,40HC,F,2025-07-22 00:00:00,2025-07-25 00:00:00,Y
933,CONT0000933,6,4,20,20RF,E,2025-07-23 00:00:00,,N
934,CONT0000934,7,5,40,40RF,F,2025-07-24 00:00:00,,N
935,CONT0000935,8,6,45,20DC,E,2025-07-25 00:00:00,,N
936,CONT0000936,1,7,20,40DC,F,2025-07-26 00:00:00,2025-07-29 00:00:00,Y
937,CONT0000937,2,8,40,40HC,E,2025-07-27 00:00:00,,N
938,CONT0000938,3,9,45,20RF,F,2025-07-28 00:00:00,,N
939,CONT0000939,4,10,20,40RF,E,2025-07-29 00:00:00,,N
940,CONT0000940,5,1,40,20DC,F,2025-07-30 00:00:00,2025-08-02 00:00:00,Y
941,CONT0000941,6,2,45,40DC,E,2025-07-31 00:00:00,,N
942,CONT0000942,7,3,20,40HC,F,2025-08-01 00:00:00,,N
943,CONT0000943,8,4,40,20RF,E,2025-08-02 00:00:00,,N
944,CONT0000944,1,5,45,40RF,F,2025-08-03 00:00:00,2025-08-06 00:00:00,Y
945,CONT0000945,2,6,20,20DC,E,2025-08-04 00:00:00,,N
946,CONT0000946,3,7,40,40DC,F,2025-08-05 00:00:00,,N
947,CONT0000947,4,8,45,40HC,E,2025-08-06 00:00:00,,N
948,CONT0000948,5,9,20,20RF,F,2025-08-07 00:00:00,2025-08-10 00:00:00,Y
949,CONT0000949,6,10,40,40RF,E,2025-08-08 00:00:00,,N
950,CONT0000950,7,1,45,20DC,F,2025-08-09 00:00:00,,N
951,CONT0000951,8,2,20,40DC,E,2025-08-10 00:00:00,,N
952,CONT0000952,1,3,40,40HC,F,2025-08-11 00:00:00,2025-08-14 00:00:00,Y
953,CONT0000953,2,4,45,20RF,E,2025-08-12 00:00:00,,N
954,CONT0000954,3,5,20,40RF,F,2025-08-13 00:00:00,,N
955,CONT0000955,4,6,40,20DC,E,2025-08-14 00:00:00,,N
956,CONT0000956,5,7,45,40DC,F,2025-08-15 00:00:00,2025-08-18 00:00:00,Y
957,CONT0000957,6,8,20,40HC,E,2025-08-16 00:00:00,,N
958,CONT0000958,7,9,40,20RF,F,2025-08-17 00:00:00,,N
959,CONT0000959,8,10,45,40RF,E,2025-08-18 00:00:00,,N
960,CONT0000960,1,1,20,20DC,F,2025-08-19 00:00:00,2025-08-22 00:00:00,Y
961,CONT0000961,2,2,40,40DC,E,2025-08-20 00:00:00,,N
962,CONT0000962,3,3,45,40HC,F,2025-08-21 00:00:00,,N
963,CONT0000963,4,4,20,20RF,E,2025-08-22 00:00:00,,N
964,CONT0000964,5,5,40,40RF,F,2025-08-23 00:00:00,2025-08-26 00:00:00,Y
965,CONT0000965,6,6,45,20DC,E,2025-08-24 00:00:00,,N
966,CONT0000966,7,7,20,40DC,F,2025-08-25 00:00:00,,N
967,CONT0000967,8,8,40,40HC,E,2025-08-26 00:00:00,,N
968,CONT0000968,1,9,45,20RF,F,2025-08-27 00:00:00,2025-08-30 00:00:00,Y
969,CONT0000969,2,10,20,40RF,E,2025-08-28 00:00:00,,N
970,CONT0000970,3,1,40,20DC,F,2025-08-29 00:00:00,,N
971,CONT0000971,4,2,45,40DC,E,2025-08-30 00:00:00,,N
972,CONT0000972,5,3,20,40HC,F,2025-08-31 00:00:00,2025-09-03 00:00:00,Y
973,CONT0000973,6,4,40,20RF,E,2025-09-01 00:00:00,,N
974,CONT0000974,7,5,45,40RF,F,2025-09-02 00:00:00,,N
975,CONT0000975,8,6,20,20DC,E,2025-09-03 00:00:00,,N
976,CONT0000976,1,7,40,40DC,F,2025-09-04 00:00:00,2025-09-07 00:00:00,Y
977,CONT0000977,2,8,45,40HC,E,2025-09-05 00:00:00,,N
978,CONT0000978,3,9,20,20RF,F,2025-09-06 00:00:00,,N
979,CONT0000979,4,10,40,40RF,E,2025-09-07 00:00:00,,N
980,CONT0000980,5,1,45,20DC,F,2025-09-08 00:00:00,2025-09-11 00:00:00,Y
981,CONT0000981,6,2,20,40DC,E,2025-09-09 00:00:00,,N
982,CONT0000982,7,3,40,40HC,F,2025-09-10 00:00:00,,N
983,CONT0000983,8,4,45,20RF,E,2025-09-11 00:00:00,,N
984,CONT0000984,1,5,20,40RF,F,2025-09-12 00:00:00,2025-09-15 00:00:00,Y
985,CONT0000985,2,6,40,20DC,E,2025-09-13 00:00:00,,N
986,CONT0000986,3,7,45,40DC,F,2025-09-14 00:00:00,,N
987,CONT0000987,4,8,20,40HC,E,2025-09-15 00:00:00,,N
988,CONT0000988,5,9,40,20RF,F,2025-09-16 00:00:00,2025-09-19 00:00:00,Y
989,CONT0000989,6,10,45,40RF,E,2025-09-17 00:00:00,,N
990,CONT0000990,7,1,20,20DC,F,2025-09-18 00:00:00,,N
991,CONT0000991,8,2,40,40DC,E,2025-09-19 00:00:00,,N
992,CONT0000992,1,3,45,40HC,F,2025-09-20 00:00:00,2025-09-23 00:00:00,Y
993,CONT0000993,2,4,20,20RF,E,2025-09-21 00:00:00,,N
994,CONT0000994,3,5,40,40RF,F,2025-09-22 00:00:00,,N
995,CONT0000995,4,6,45,20DC,E,2025-09-23 00:00:00,,N
996,CONT0000996,5,7,20,40DC,F,2025-09-24 00:00:00,2025-09-27 00:00:00,Y
997,CONT0000997,6,8,40,40HC,E,2025-09-25 00:00:00,,N
998,CONT0000998,7,9,45,20RF,F,2025-09-26 00:00:00,,N
999,CONT0000999,8,10,20,40RF,E,2025-09-27 00:00:00,,N
